[{"pos_x": 176.561822, "pos_y": -110.983767, "rotation": 0.0, "side": "top", "designator": "L2", "mpn": null, "pack": "SPM7054VT", "value": "SPM7054VT-330M-D", "mount_type": "smt", "place": true}, {"pos_x": 175.97743, "pos_y": -102.517684, "rotation": 0.0, "side": "bottom", "designator": "D2", "mpn": null, "pack": "SODFL5226X100N", "value": "VSSAF3N50-M3_6A", "mount_type": "smt", "place": true}, {"pos_x": 188.7477, "pos_y": -101.4702, "rotation": 180.0, "side": "top", "designator": "J1", "mpn": null, "pack": "PinHeader_1x03_P2.54mm_Vertical", "value": "Conn_01x03", "mount_type": "tht", "place": true}, {"pos_x": 183.049019, "pos_y": -103.113785, "rotation": -90.0, "side": "top", "designator": "C2", "mpn": null, "pack": "CP_Radial_D5.0mm_P2.50mm", "value": "15uF", "mount_type": "tht", "place": true}, {"pos_x": 188.788945, "pos_y": -89.705684, "rotation": 180.0, "side": "top", "designator": "C1", "mpn": null, "pack": "CP_Radial_D5.0mm_P2.50mm", "value": "15uF", "mount_type": "tht", "place": true}, {"pos_x": 183.607426, "pos_y": -112.36404, "rotation": 0.0, "side": "top", "designator": "C5", "mpn": null, "pack": "CP_Radial_D8.0mm_P5.00mm", "value": "120uF", "mount_type": "tht", "place": true}, {"pos_x": 177.8, "pos_y": -91.44, "rotation": -90.0, "side": "top", "designator": "IC1", "mpn": null, "pack": "LM2670SX33NOPB", "value": "LM2670SX-3.3_NOPB", "mount_type": "smt", "place": true}, {"pos_x": 178.69216, "pos_y": -95.497996, "rotation": 180.0, "side": "bottom", "designator": "R1", "mpn": null, "pack": "R_0612_1632Metric_Pad1.18x3.40mm_HandSolder", "value": "4.7K", "mount_type": "smt", "place": true}, {"pos_x": 172.100988, "pos_y": -99.547301, "rotation": -90.0, "side": "bottom", "designator": "C4", "mpn": null, "pack": "C_0603_1608Metric_Pad1.08x0.95mm_HandSolder", "value": "0.47uF", "mount_type": "smt", "place": true}, {"pos_x": 174.56954, "pos_y": -96.590316, "rotation": 180.0, "side": "bottom", "designator": "C3", "mpn": null, "pack": "C_0603_1608Metric_Pad1.08x0.95mm_HandSolder", "value": "0.1uF", "mount_type": "smt", "place": true}]