[{"pos_x": 149.828314, "pos_y": -112.641863, "rotation": 0.0, "side": "top", "designator": "L1", "mpn": null, "pack": "SPM7054VT", "value": "SPM7054VT-330M-D", "mount_type": "smt", "place": true}, {"pos_x": 141.548353, "pos_y": -104.117685, "rotation": 180.0, "side": "bottom", "designator": "D1", "mpn": null, "pack": "SODFL5226X100N", "value": "VSSAF3N50-M3_6A", "mount_type": "smt", "place": true}, {"pos_x": 153.109449, "pos_y": -101.617, "rotation": 180.0, "side": "top", "designator": "J1", "mpn": null, "pack": "PinHeader_1x03_P2.54mm_Vertical", "value": "Conn_01x03", "mount_type": "tht", "place": true}, {"pos_x": 138.049386, "pos_y": -107.482969, "rotation": 0.0, "side": "top", "designator": "C5", "mpn": null, "pack": "CP_Radial_D8.0mm_P5.00mm", "value": "120uF", "mount_type": "tht", "place": true}, {"pos_x": 148.158263, "pos_y": -103.439855, "rotation": -90.0, "side": "top", "designator": "C2", "mpn": null, "pack": "CP_Radial_D5.0mm_P2.50mm", "value": "15uF", "mount_type": "tht", "place": true}, {"pos_x": 153.150694, "pos_y": -89.852484, "rotation": 180.0, "side": "top", "designator": "C1", "mpn": null, "pack": "CP_Radial_D5.0mm_P2.50mm", "value": "15uF", "mount_type": "tht", "place": true}, {"pos_x": 142.161749, "pos_y": -91.5868, "rotation": -90.0, "side": "top", "designator": "IC1", "mpn": null, "pack": "LM2670SX33NOPB", "value": "LM2670SX-3.3_NOPB", "mount_type": "smt", "place": true}, {"pos_x": 144.224819, "pos_y": -89.98109, "rotation": 180.0, "side": "bottom", "designator": "R2", "mpn": null, "pack": "R_0612_1632Metric_Pad1.18x3.40mm_HandSolder", "value": "4.7K", "mount_type": "smt", "place": true}, {"pos_x": 136.616773, "pos_y": -101.769938, "rotation": -90.0, "side": "bottom", "designator": "C4", "mpn": null, "pack": "C_0603_1608Metric_Pad1.08x0.95mm_HandSolder", "value": "0.47uF", "mount_type": "smt", "place": true}, {"pos_x": 139.716067, "pos_y": -89.98109, "rotation": 180.0, "side": "bottom", "designator": "R3", "mpn": null, "pack": "R_0612_1632Metric_Pad1.18x3.40mm_HandSolder", "value": "4.7K", "mount_type": "smt", "place": true}, {"pos_x": 139.612584, "pos_y": -94.977917, "rotation": 180.0, "side": "bottom", "designator": "C3", "mpn": null, "pack": "C_0603_1608Metric_Pad1.08x0.95mm_HandSolder", "value": "0.1uF", "mount_type": "smt", "place": true}]